game_id,home_team,home_id,away_team,away_id,is_netural,Week,Date,Weekday,Time
1,BYU,29,Portland State,169,,0,2017-08-26,Saturday,
2,Massachusetts,116,Hawai'i,80,,0,2017-08-26,Saturday,
3,Colorado State,44,Oregon State,165,,0,2017-08-26,Saturday,
4,San Jose State,185,South Florida,193,,0,2017-08-26,Saturday,
5,Stanford,201,Rice,175,Yes,0,2017-08-27,Sunday,
6,Arizona State,11,New Mexico State,142,,1,2017-08-31,Thursday,
7,Central Michigan,35,Rhode Island,174,,1,2017-08-31,Thursday,
8,Cincinnati,39,Austin Peay,17,,1,2017-08-31,Thursday,
9,Connecticut,46,Holy Cross,81,,1,2017-08-31,Thursday,
10,Georgia State,75,Tennessee State,209,,1,2017-08-31,Thursday,
11,Indiana,90,Ohio State,159,,1,2017-08-31,Thursday,
12,Memphis,118,Louisiana-Monroe,109,,1,2017-08-31,Thursday,
13,Minnesota,125,Buffalo,27,,1,2017-08-31,Thursday,
14,Toledo,217,Elon,62,,1,2017-08-31,Thursday,
15,Utah,229,North Dakota,149,,1,2017-08-31,Thursday,
16,Wake Forest,240,Presbyterian College,171,,1,2017-08-31,Thursday,
17,Arkansas,12,Florida A&M,65,Yes,1,2017-09-01,Friday,
18,Idaho,85,Sacramento State,179,,1,2017-09-01,Friday,
19,Eastern Michigan,60,Charlotte,37,,1,2017-09-01,Friday,
20,NIU,144,Boston College,22,,1,2017-09-01,Friday,
21,Rutgers,178,Washington,241,,1,2017-09-01,Friday,
22,Syracuse,205,Central Connecticut,34,,1,2017-09-01,Friday,
23,Wisconsin,250,Utah State,230,,1,2017-09-01,Friday,
24,Colorado State,44,Colorado,43,Yes,1,2017-09-01,Friday,
25,Army West Point,15,Fordham,68,,1,2017-09-01,Friday,
26,Florida Atlantic,66,Navy,136,,1,2017-09-02,Saturday,
27,Air Force,2,VMI,238,,1,2017-09-02,Saturday,
28,Arizona,10,Northern Arizona,152,,1,2017-09-02,Saturday,
29,Auburn,16,Georgia Southern,74,,1,2017-09-02,Saturday,
30,Baylor,19,Liberty,106,,1,2017-09-02,Saturday,
31,Boise State,21,Troy,219,,1,2017-09-02,Saturday,
32,Clemson,40,Kent State,101,,1,2017-09-02,Saturday,
33,Coastal Carolina,41,Massachusetts,116,,1,2017-09-02,Saturday,
34,Duke,54,North Carolina Central,148,,1,2017-09-02,Saturday,
35,East Carolina,56,James Madison,97,,1,2017-09-02,Saturday,
36,Fresno State,69,Incarnate Word,89,,1,2017-09-02,Saturday,
37,Georgia,73,Appalachian State,9,,1,2017-09-02,Saturday,
38,Hawai'i,80,Western Carolina,245,,1,2017-09-02,Saturday,
39,Illinois,87,Ball State,18,,1,2017-09-02,Saturday,
40,Iowa,92,Wyoming,252,,1,2017-09-02,Saturday,
41,Iowa State,93,Northern Iowa,154,,1,2017-09-02,Saturday,
42,Kansas,98,Southeast Missouri State,194,,1,2017-09-02,Saturday,
43,Kansas State,99,Central Arkansas,33,,1,2017-09-02,Saturday,
44,Louisiana-Lafayette,108,Southeastern Louisiana,195,,1,2017-09-02,Saturday,
45,Louisiana Tech,107,Northwestern State,156,,1,2017-09-02,Saturday,
46,Marshall,114,Miami (OH),121,,1,2017-09-02,Saturday,
47,Miami (FL),120,Bethune-Cookman,20,,1,2017-09-02,Saturday,
48,Michigan State,123,Bowling Green,23,,1,2017-09-02,Saturday,
49,Mississippi State,126,Charleston Southern,36,,1,2017-09-02,Saturday,
50,Missouri,128,Missouri State,129,,1,2017-09-02,Saturday,
51,Nebraska,138,Arkansas State,13,,1,2017-09-02,Saturday,
52,New Mexico,141,Abilene Christian,1,,1,2017-09-02,Saturday,
53,North Carolina,146,California,31,,1,2017-09-02,Saturday,
54,North Texas,151,Lamar,104,,1,2017-09-02,Saturday,
55,Northwestern,155,Nevada,139,,1,2017-09-02,Saturday,
56,Oklahoma,160,UTEP,231,,1,2017-09-02,Saturday,
57,Oklahoma State,161,Tulsa,221,,1,2017-09-02,Saturday,
58,Old Dominion,162,Albany,7,,1,2017-09-02,Saturday,
59,Ole Miss,163,South Alabama,188,,1,2017-09-02,Saturday,
60,Oregon,164,Southern Utah,199,,1,2017-09-02,Saturday,
61,Oregon State,165,Portland State,169,,1,2017-09-02,Saturday,
62,Penn State,166,Akron,3,,1,2017-09-02,Saturday,
63,Pittsburgh,168,Youngstown State,254,,1,2017-09-02,Saturday,
64,San Jose State,185,Cal Poly,30,,1,2017-09-02,Saturday,
65,SMU,187,Stephen F. Austin,202,,1,2017-09-02,Saturday,
66,TCU,206,Jackson State,94,,1,2017-09-02,Saturday,
67,Texas,211,Maryland,115,,1,2017-09-02,Saturday,
68,Texas State,214,Houston Baptist,83,,1,2017-09-02,Saturday,
69,Texas Tech,215,Eastern Washington,61,,1,2017-09-02,Saturday,
70,UAB,222,Alabama A&M,5,,1,2017-09-02,Saturday,
71,UCF,224,FIU,63,,1,2017-09-02,Saturday,
72,UNLV,226,Howard,84,,1,2017-09-02,Saturday,
73,USC,227,Western Michigan,248,,1,2017-09-02,Saturday,
74,South Florida,193,Stony Brook,204,,1,2017-09-02,Saturday,
75,UTSA,232,Houston,82,,1,2017-09-02,Saturday,
76,Virginia,236,William & Mary,249,,1,2017-09-02,Saturday,
77,Washington State,242,Montana State,132,,1,2017-09-02,Saturday,
78,Western Kentucky,247,Eastern Kentucky,59,,1,2017-09-02,Saturday,
79,Florida,64,Michigan,122,Yes,1,2017-09-02,Saturday,
80,Alabama,4,Florida State,67,Yes,1,2017-09-02,Saturday,
81,South Carolina,189,NC State,137,Yes,1,2017-09-02,Saturday,
82,Louisville,110,Purdue,173,Yes,1,2017-09-02,Saturday,
83,LSU,111,BYU,29,Yes,1,2017-09-02,Saturday,
84,Ohio,158,Hampton,78,,1,2017-09-02,Saturday,
85,Notre Dame,157,Temple,207,,1,2017-09-02,Saturday,
86,Southern Miss,198,Kentucky,102,,1,2017-09-02,Saturday,
87,Tulane,220,Grambling,77,,1,2017-09-02,Saturday,
88,Middle Tennessee,124,Vanderbilt,234,,1,2017-09-03,Sunday,
89,San Diego State,184,UC Davis,223,,1,2017-09-03,Sunday,
90,UCLA,225,Texas A&M,212,,1,2017-09-03,Sunday,
91,West Virginia,244,Virginia Tech,237,Yes,1,2017-09-03,Sunday,
92,Tennessee,208,Georgia Tech,76,Yes,1,2017-09-04,Monday,
93,Utah State,230,Idaho State,86,,2,2017-09-07,Thursday,
94,Purdue,173,Ohio,158,,2,2017-09-08,Friday,
95,Akron,3,Arkansas-Pine Bluff,14,,2,2017-09-09,Saturday,
96,Alabama,4,Fresno State,69,,2,2017-09-09,Saturday,
97,Appalachian State,9,Savannah State,186,,2,2017-09-09,Saturday,
98,Arizona,10,Houston,82,,2,2017-09-09,Saturday,
99,Arizona State,11,San Diego State,184,,2,2017-09-09,Saturday,
100,Arkansas,12,TCU,206,,2,2017-09-09,Saturday,
101,Arkansas State,13,Miami (FL),120,,2,2017-09-09,Saturday,
102,Ball State,18,UAB,222,,2,2017-09-09,Saturday,
103,Baylor,19,UTSA,232,,2,2017-09-09,Saturday,
104,Boston College,22,Wake Forest,240,,2,2017-09-09,Saturday,
105,Bowling Green,23,South Dakota,191,,2,2017-09-09,Saturday,
106,BYU,29,Utah,229,,2,2017-09-09,Saturday,
107,California,31,Weber State,243,,2,2017-09-09,Saturday,
108,Clemson,40,Auburn,16,,2,2017-09-09,Saturday,
109,Colorado,43,Texas State,214,,2,2017-09-09,Saturday,
110,Colorado State,44,Abilene Christian,1,,2,2017-09-09,Saturday,
111,Connecticut,46,South Florida,193,,2,2017-09-09,Saturday,
112,Duke,54,Northwestern,155,,2,2017-09-09,Saturday,
113,FIU,63,Alcorn State,8,,2,2017-09-09,Saturday,
114,Florida,64,Northern Colorado,153,,2,2017-09-09,Saturday,
115,Florida State,67,Louisiana-Monroe,109,,2,2017-09-09,Saturday,
116,Georgia Tech,76,Jacksonville State,96,,2,2017-09-09,Saturday,
117,Idaho,85,UNLV,226,,2,2017-09-09,Saturday,
118,Illinois,87,Western Kentucky,247,,2,2017-09-09,Saturday,
119,Iowa State,93,Iowa,92,,2,2017-09-09,Saturday,
120,Kansas,98,Central Michigan,35,,2,2017-09-09,Saturday,
121,Kansas State,99,Charlotte,37,,2,2017-09-09,Saturday,
122,Kent State,101,Howard,84,,2,2017-09-09,Saturday,
123,Kentucky,102,Eastern Kentucky,59,,2,2017-09-09,Saturday,
124,LSU,111,Chattanooga,38,,2,2017-09-09,Saturday,
125,Maryland,115,Towson,218,,2,2017-09-09,Saturday,
126,Miami (OH),121,Austin Peay,17,,2,2017-09-09,Saturday,
127,Michigan,122,Cincinnati,39,,2,2017-09-09,Saturday,
128,Michigan State,123,Western Michigan,248,,2,2017-09-09,Saturday,
129,Missouri,128,South Carolina,189,,2,2017-09-09,Saturday,
130,NC State,137,Marshall,114,,2,2017-09-09,Saturday,
131,Nevada,139,Toledo,217,,2,2017-09-09,Saturday,
132,New Mexico,141,New Mexico State,142,,2,2017-09-09,Saturday,
133,North Carolina,146,Louisville,110,,2,2017-09-09,Saturday,
134,NIU,144,Eastern Illinois,58,,2,2017-09-09,Saturday,
135,Ohio State,159,Oklahoma,160,,2,2017-09-09,Saturday,
136,Ole Miss,163,UT Martin,228,,2,2017-09-09,Saturday,
137,Oregon,164,Nebraska,138,,2,2017-09-09,Saturday,
138,Oregon State,165,Minnesota,125,,2,2017-09-09,Saturday,
139,Penn State,166,Pittsburgh,168,,2,2017-09-09,Saturday,
140,Rutgers,178,Eastern Michigan,60,,2,2017-09-09,Saturday,
141,SMU,187,North Texas,151,,2,2017-09-09,Saturday,
142,South Alabama,188,Oklahoma State,161,,2,2017-09-09,Saturday,
143,Southern Miss,198,Southern,196,,2,2017-09-09,Saturday,
144,Syracuse,205,Middle Tennessee,124,,2,2017-09-09,Saturday,
145,Temple,207,Villanova,235,,2,2017-09-09,Saturday,
146,Tennessee,208,Indiana State,91,,2,2017-09-09,Saturday,
147,Texas,211,San Jose State,185,,2,2017-09-09,Saturday,
148,Texas A&M,212,Nicholls,143,,2,2017-09-09,Saturday,
149,Troy,219,Alabama State,6,,2,2017-09-09,Saturday,
150,Tulsa,221,Louisiana-Lafayette,108,,2,2017-09-09,Saturday,
151,UCF,224,Memphis,118,,2,2017-09-09,Saturday,
152,UCLA,225,Hawai'i,80,,2,2017-09-09,Saturday,
153,Massachusetts,116,Old Dominion,162,,2,2017-09-09,Saturday,
154,USC,227,Stanford,201,,2,2017-09-09,Saturday,
155,UTEP,231,Rice,175,,2,2017-09-09,Saturday,
156,Vanderbilt,234,Alabama A&M,5,,2,2017-09-09,Saturday,
157,Virginia,236,Indiana,90,,2,2017-09-09,Saturday,
158,Virginia Tech,237,Delaware,51,,2,2017-09-09,Saturday,
159,Washington,241,Montana,131,,2,2017-09-09,Saturday,
160,Washington State,242,Boise State,21,,2,2017-09-09,Saturday,
161,West Virginia,244,East Carolina,56,,2,2017-09-09,Saturday,
162,Wisconsin,250,Florida Atlantic,66,,2,2017-09-09,Saturday,
163,Wyoming,252,Gardner-Webb,71,,2,2017-09-09,Saturday,
164,Army West Point,15,Buffalo,27,,2,2017-09-09,Saturday,
165,Navy,136,Tulane,220,,2,2017-09-09,Saturday,
166,Georgia Southern,74,New Hampshire,140,,2,2017-09-09,Saturday,
167,Liberty,106,Morehead State,133,,2,2017-09-09,Saturday,
168,Louisiana Tech,107,Mississippi State,126,,2,2017-09-09,Saturday,
169,Notre Dame,157,Georgia,73,,2,2017-09-09,Saturday,
170,Boise State,21,New Mexico,141,,3,2017-09-15,Friday,
171,Temple,207,Massachusetts,116,,3,2017-09-15,Friday,
172,South Florida,193,Illinois,87,,3,2017-09-15,Friday,
173,UTEP,231,Arizona,10,,3,2017-09-16,Saturday,
174,Akron,3,Iowa State,93,,3,2017-09-16,Saturday,
175,Alabama,4,Colorado State,44,,3,2017-09-16,Saturday,
176,Arkansas State,13,Arkansas-Pine Bluff,14,,3,2017-09-16,Saturday,
177,Auburn,16,Mercer,119,,3,2017-09-16,Saturday,
178,Ball State,18,Tennessee Tech,210,,3,2017-09-16,Saturday,
179,Boston College,22,Notre Dame,157,,3,2017-09-16,Saturday,
180,Buffalo,27,Colgate,42,,3,2017-09-16,Saturday,
181,BYU,29,Wisconsin,250,,3,2017-09-16,Saturday,
182,California,31,Ole Miss,163,,3,2017-09-16,Saturday,
183,Charlotte,37,North Carolina A&T,147,,3,2017-09-16,Saturday,
184,Colorado,43,Northern Colorado,153,,3,2017-09-16,Saturday,
185,Duke,54,Baylor,19,,3,2017-09-16,Saturday,
186,East Carolina,56,Virginia Tech,237,,3,2017-09-16,Saturday,
187,Florida Atlantic,66,Bethune-Cookman,20,,3,2017-09-16,Saturday,
188,Florida,64,Tennessee,208,,3,2017-09-16,Saturday,
189,Florida State,67,Miami (FL),120,,3,2017-09-16,Saturday,
190,Georgia,73,Samford,182,,3,2017-09-16,Saturday,
191,Houston,82,Rice,175,,3,2017-09-16,Saturday,
192,Indiana,90,FIU,63,,3,2017-09-16,Saturday,
193,Iowa,92,North Texas,151,,3,2017-09-16,Saturday,
194,Louisville,110,Clemson,40,,3,2017-09-16,Saturday,
195,Marshall,114,Kent State,101,,3,2017-09-16,Saturday,
196,Memphis,118,UCLA,225,,3,2017-09-16,Saturday,
197,Miami (OH),121,Cincinnati,39,,3,2017-09-16,Saturday,
198,Michigan,122,Air Force,2,,3,2017-09-16,Saturday,
199,Minnesota,125,Middle Tennessee,124,,3,2017-09-16,Saturday,
200,Mississippi State,126,LSU,111,,3,2017-09-16,Saturday,
201,Missouri,128,Purdue,173,,3,2017-09-16,Saturday,
202,NC State,137,Furman,70,,3,2017-09-16,Saturday,
203,Nebraska,138,NIU,144,,3,2017-09-16,Saturday,
204,Nevada,139,Idaho State,86,,3,2017-09-16,Saturday,
205,New Mexico State,142,Troy,219,,3,2017-09-16,Saturday,
206,Northwestern,155,Bowling Green,23,,3,2017-09-16,Saturday,
207,Ohio,158,Kansas,98,,3,2017-09-16,Saturday,
208,Ohio State,159,Army West Point,15,,3,2017-09-16,Saturday,
209,Oklahoma,160,Tulane,220,,3,2017-09-16,Saturday,
210,Old Dominion,162,North Carolina,146,,3,2017-09-16,Saturday,
211,Penn State,166,Georgia State,75,,3,2017-09-16,Saturday,
212,Pittsburgh,168,Oklahoma State,161,,3,2017-09-16,Saturday,
213,Rutgers,178,Morgan State,134,,3,2017-09-16,Saturday,
214,South Alabama,188,Alabama A&M,5,,3,2017-09-16,Saturday,
215,South Carolina,189,Kentucky,102,,3,2017-09-16,Saturday,
216,Syracuse,205,Central Michigan,35,,3,2017-09-16,Saturday,
217,TCU,206,SMU,187,,3,2017-09-16,Saturday,
218,Texas A&M,212,Louisiana-Lafayette,108,,3,2017-09-16,Saturday,
219,Texas State,214,Appalachian State,9,,3,2017-09-16,Saturday,
220,Texas Tech,215,Arizona State,11,,3,2017-09-16,Saturday,
221,Toledo,217,Tulsa,221,,3,2017-09-16,Saturday,
222,UAB,222,Coastal Carolina,41,,3,2017-09-16,Saturday,
223,UCF,224,Georgia Tech,76,,3,2017-09-16,Saturday,
224,Louisiana-Monroe,109,Southern Miss,198,,3,2017-09-16,Saturday,
225,USC,227,Texas,211,,3,2017-09-16,Saturday,
226,Utah,229,San Jose State,185,,3,2017-09-16,Saturday,
227,UTSA,232,Southern,196,,3,2017-09-16,Saturday,
228,Vanderbilt,234,Kansas State,99,,3,2017-09-16,Saturday,
229,Virginia,236,Connecticut,46,,3,2017-09-16,Saturday,
230,Wake Forest,240,Utah State,230,,3,2017-09-16,Saturday,
231,Washington,241,Fresno State,69,,3,2017-09-16,Saturday,
232,Washington State,242,Oregon State,165,,3,2017-09-16,Saturday,
233,West Virginia,244,Delaware State,52,,3,2017-09-16,Saturday,
234,Western Kentucky,247,Louisiana Tech,107,,3,2017-09-16,Saturday,
235,Western Michigan,248,Idaho,85,,3,2017-09-16,Saturday,
236,Liberty,106,Indiana State,91,,3,2017-09-16,Saturday,
237,Wyoming,252,Oregon,164,,3,2017-09-16,Saturday,
238,San Diego State,184,Stanford,201,,3,2017-09-17,Sunday,
239,South Florida,193,Temple,207,,4,2017-09-21,Thursday,
240,Arizona,10,Utah,229,,4,2017-09-22,Friday,
241,Boise State,21,Virginia,236,,4,2017-09-23,Saturday,
242,Appalachian State,9,Wake Forest,240,,4,2017-09-23,Saturday,
243,Arizona State,11,Oregon,164,,4,2017-09-23,Saturday,
244,Baylor,19,Oklahoma,160,,4,2017-09-23,Saturday,
245,Buffalo,27,Florida Atlantic,66,,4,2017-09-23,Saturday,
246,California,31,USC,227,,4,2017-09-23,Saturday,
247,Central Michigan,35,Miami (OH),121,,4,2017-09-23,Saturday,
248,Charlotte,37,Georgia State,75,,4,2017-09-23,Saturday,
249,Clemson,40,Boston College,22,,4,2017-09-23,Saturday,
250,Coastal Carolina,41,Western Illinois,246,,4,2017-09-23,Saturday,
251,Colorado,43,Washington,241,,4,2017-09-23,Saturday,
252,Eastern Michigan,60,Ohio,158,,4,2017-09-23,Saturday,
253,Florida State,67,NC State,137,,4,2017-09-23,Saturday,
254,Georgia,73,Mississippi State,126,,4,2017-09-23,Saturday,
255,Georgia Tech,76,Pittsburgh,168,,4,2017-09-23,Saturday,
256,Houston,82,Texas Tech,215,,4,2017-09-23,Saturday,
257,Indiana,90,Georgia Southern,74,,4,2017-09-23,Saturday,
258,Iowa,92,Penn State,166,,4,2017-09-23,Saturday,
259,Kansas,98,West Virginia,244,,4,2017-09-23,Saturday,
260,Kentucky,102,Florida,64,,4,2017-09-23,Saturday,
261,Louisiana-Lafayette,108,Louisiana-Monroe,109,,4,2017-09-23,Saturday,
262,Louisville,110,Kent State,101,,4,2017-09-23,Saturday,
263,LSU,111,Syracuse,205,,4,2017-09-23,Saturday,
264,Maryland,115,UCF,224,,4,2017-09-23,Saturday,
265,Memphis,118,Southern Illinois,197,,4,2017-09-23,Saturday,
266,Miami (FL),120,Toledo,217,,4,2017-09-23,Saturday,
267,Michigan State,123,Notre Dame,157,,4,2017-09-23,Saturday,
268,Middle Tennessee,124,Bowling Green,23,,4,2017-09-23,Saturday,
269,Missouri,128,Auburn,16,,4,2017-09-23,Saturday,
270,Nebraska,138,Rutgers,178,,4,2017-09-23,Saturday,
271,New Mexico State,142,UTEP,231,,4,2017-09-23,Saturday,
272,North Carolina,146,Duke,54,,4,2017-09-23,Saturday,
273,North Texas,151,UAB,222,,4,2017-09-23,Saturday,
274,Ohio State,159,UNLV,226,,4,2017-09-23,Saturday,
275,Oklahoma State,161,TCU,206,,4,2017-09-23,Saturday,
276,Purdue,173,Michigan,122,,4,2017-09-23,Saturday,
277,Rice,175,FIU,63,,4,2017-09-23,Saturday,
278,San Jose State,185,Utah State,230,,4,2017-09-23,Saturday,
279,SMU,187,Arkansas State,13,,4,2017-09-23,Saturday,
280,South Alabama,188,Idaho,85,,4,2017-09-23,Saturday,
281,South Carolina,189,Louisiana Tech,107,,4,2017-09-23,Saturday,
282,Stanford,201,UCLA,225,,4,2017-09-23,Saturday,
283,Tennessee,208,Massachusetts,116,,4,2017-09-23,Saturday,
284,Texas State,214,UTSA,232,,4,2017-09-23,Saturday,
285,Troy,219,Akron,3,,4,2017-09-23,Saturday,
286,Tulane,220,Army West Point,15,,4,2017-09-23,Saturday,
287,Tulsa,221,New Mexico,141,,4,2017-09-23,Saturday,
288,Vanderbilt,234,Alabama,4,,4,2017-09-23,Saturday,
289,Virginia Tech,237,Old Dominion,162,,4,2017-09-23,Saturday,
290,Washington State,242,Nevada,139,,4,2017-09-23,Saturday,
291,Western Kentucky,247,Ball State,18,,4,2017-09-23,Saturday,
292,Western Michigan,248,Wagner,239,,4,2017-09-23,Saturday,
293,Wyoming,252,Hawai'i,80,,4,2017-09-23,Saturday,
294,Arkansas,12,Texas A&M,212,Yes,4,2017-09-23,Saturday,
295,Navy,136,Cincinnati,39,,4,2017-09-23,Saturday,
296,Air Force,2,San Diego State,184,,4,2017-09-23,Saturday,
297,Jacksonville State,96,Liberty,106,,4,2017-09-24,Sunday,
298,Iowa State,93,Texas,211,,5,2017-09-28,Thursday,
299,Duke,54,Miami (FL),120,,5,2017-09-29,Friday,
300,Illinois,87,Nebraska,138,,5,2017-09-29,Friday,
301,Washington State,242,USC,227,,5,2017-09-29,Friday,
302,Utah State,230,BYU,29,,5,2017-09-30,Saturday,
303,Alabama,4,Ole Miss,163,,5,2017-09-30,Saturday,
304,Arkansas,12,New Mexico State,142,,5,2017-09-30,Saturday,
305,Auburn,16,Mississippi State,126,,5,2017-09-30,Saturday,
306,Boston College,22,Central Michigan,35,,5,2017-09-30,Saturday,
307,Bowling Green,23,Akron,3,,5,2017-09-30,Saturday,
308,Cincinnati,39,Marshall,114,,5,2017-09-30,Saturday,
309,East Carolina,56,South Florida,193,,5,2017-09-30,Saturday,
310,Florida Atlantic,66,Middle Tennessee,124,,5,2017-09-30,Saturday,
311,FIU,63,Charlotte,37,,5,2017-09-30,Saturday,
312,Florida,64,Vanderbilt,234,,5,2017-09-30,Saturday,
313,Fresno State,69,Nevada,139,,5,2017-09-30,Saturday,
314,Georgia State,75,Memphis,118,,5,2017-09-30,Saturday,
315,Georgia Tech,76,North Carolina,146,,5,2017-09-30,Saturday,
316,Hawai'i,80,Colorado State,44,,5,2017-09-30,Saturday,
317,Kansas State,99,Baylor,19,,5,2017-09-30,Saturday,
318,Kent State,101,Buffalo,27,,5,2017-09-30,Saturday,
319,Kentucky,102,Eastern Michigan,60,,5,2017-09-30,Saturday,
320,Louisiana Tech,107,South Alabama,188,,5,2017-09-30,Saturday,
321,Louisville,110,Murray State,135,,5,2017-09-30,Saturday,
322,LSU,111,Troy,219,,5,2017-09-30,Saturday,
323,Michigan State,123,Iowa,92,,5,2017-09-30,Saturday,
324,Minnesota,125,Maryland,115,,5,2017-09-30,Saturday,
325,NC State,137,Syracuse,205,,5,2017-09-30,Saturday,
326,Oregon,164,California,31,,5,2017-09-30,Saturday,
327,Oregon State,165,Washington,241,,5,2017-09-30,Saturday,
328,Penn State,166,Indiana,90,,5,2017-09-30,Saturday,
329,Pittsburgh,168,Rice,175,,5,2017-09-30,Saturday,
330,Rutgers,178,Ohio State,159,,5,2017-09-30,Saturday,
331,SMU,187,Connecticut,46,,5,2017-09-30,Saturday,
332,Southern Miss,198,North Texas,151,,5,2017-09-30,Saturday,
333,Stanford,201,Arizona State,11,,5,2017-09-30,Saturday,
334,Temple,207,Houston,82,,5,2017-09-30,Saturday,
335,Tennessee,208,Georgia,73,,5,2017-09-30,Saturday,
336,Texas A&M,212,South Carolina,189,,5,2017-09-30,Saturday,
337,Texas Tech,215,Oklahoma State,161,,5,2017-09-30,Saturday,
338,Tulsa,221,Navy,136,,5,2017-09-30,Saturday,
339,UCF,224,Maine,112,,5,2017-09-30,Saturday,
340,UCLA,225,Colorado,43,,5,2017-09-30,Saturday,
341,Louisiana-Monroe,109,Coastal Carolina,41,,5,2017-09-30,Saturday,
342,Massachusetts,116,Ohio,158,,5,2017-09-30,Saturday,
343,UNLV,226,San Jose State,185,,5,2017-09-30,Saturday,
344,Virginia Tech,237,Clemson,40,,5,2017-09-30,Saturday,
345,Wake Forest,240,Florida State,67,,5,2017-09-30,Saturday,
346,Western Michigan,248,Ball State,18,,5,2017-09-30,Saturday,
347,Wisconsin,250,Northwestern,155,,5,2017-09-30,Saturday,
348,Wyoming,252,Texas State,214,,5,2017-09-30,Saturday,
349,Army West Point,15,UTEP,231,,5,2017-09-30,Saturday,
350,Notre Dame,157,Miami (OH),121,,5,2017-09-30,Saturday,
351,Liberty,106,St Francis (PA),200,,5,2017-09-30,Saturday,
352,New Mexico,141,Air Force,2,,5,2017-09-30,Saturday,
353,San Diego State,184,NIU,144,,5,2017-10-01,Sunday,
354,Georgia Southern,74,Arkansas State,13,,6,2017-10-04,Wednesday,
355,NC State,137,Louisville,110,,6,2017-10-05,Thursday,
356,Connecticut,46,Memphis,118,,6,2017-10-06,Friday,
357,BYU,29,Boise State,21,,6,2017-10-07,Saturday,
358,Akron,3,Ball State,18,,6,2017-10-07,Saturday,
359,Appalachian State,9,New Mexico State,142,,6,2017-10-07,Saturday,
360,Auburn,16,Ole Miss,163,,6,2017-10-07,Saturday,
361,Boston College,22,Virginia Tech,237,,6,2017-10-07,Saturday,
362,Buffalo,27,Western Michigan,248,,6,2017-10-07,Saturday,
363,Charlotte,37,Marshall,114,,6,2017-10-07,Saturday,
364,Cincinnati,39,UCF,224,,6,2017-10-07,Saturday,
365,Clemson,40,Wake Forest,240,,6,2017-10-07,Saturday,
366,Coastal Carolina,41,Georgia State,75,,6,2017-10-07,Saturday,
367,Colorado,43,Arizona,10,,6,2017-10-07,Saturday,
368,East Carolina,56,Temple,207,,6,2017-10-07,Saturday,
369,Florida,64,LSU,111,,6,2017-10-07,Saturday,
370,Houston,82,SMU,187,,6,2017-10-07,Saturday,
371,Idaho,85,Louisiana-Lafayette,108,,6,2017-10-07,Saturday,
372,Iowa,92,Illinois,87,,6,2017-10-07,Saturday,
373,Kansas,98,Texas Tech,215,,6,2017-10-07,Saturday,
374,Kentucky,102,Missouri,128,,6,2017-10-07,Saturday,
375,Miami (OH),121,Bowling Green,23,,6,2017-10-07,Saturday,
376,Michigan,122,Michigan State,123,,6,2017-10-07,Saturday,
377,Middle Tennessee,124,FIU,63,,6,2017-10-07,Saturday,
378,Nebraska,138,Wisconsin,250,,6,2017-10-07,Saturday,
379,North Carolina,146,Notre Dame,157,,6,2017-10-07,Saturday,
380,NIU,144,Kent State,101,,6,2017-10-07,Saturday,
381,Northwestern,155,Penn State,166,,6,2017-10-07,Saturday,
382,Ohio,158,Central Michigan,35,,6,2017-10-07,Saturday,
383,Ohio State,159,Maryland,115,,6,2017-10-07,Saturday,
384,Oklahoma,160,Iowa State,93,,6,2017-10-07,Saturday,
385,Old Dominion,162,Florida Atlantic,66,,6,2017-10-07,Saturday,
386,Oregon,164,Washington State,242,,6,2017-10-07,Saturday,
387,Purdue,173,Minnesota,125,,6,2017-10-07,Saturday,
388,Rice,175,Army West Point,15,,6,2017-10-07,Saturday,
389,San Jose State,185,Fresno State,69,,6,2017-10-07,Saturday,
390,South Carolina,189,Arkansas,12,,6,2017-10-07,Saturday,
391,Syracuse,205,Pittsburgh,168,,6,2017-10-07,Saturday,
392,TCU,206,West Virginia,244,,6,2017-10-07,Saturday,
393,Texas,211,Kansas State,99,,6,2017-10-07,Saturday,
394,Texas A&M,212,Alabama,4,,6,2017-10-07,Saturday,
395,Texas State,214,Louisiana-Monroe,109,,6,2017-10-07,Saturday,
396,Toledo,217,Eastern Michigan,60,,6,2017-10-07,Saturday,
397,Tulane,220,Tulsa,221,,6,2017-10-07,Saturday,
398,UAB,222,Louisiana Tech,107,,6,2017-10-07,Saturday,
399,UNLV,226,San Diego State,184,,6,2017-10-07,Saturday,
400,USC,227,Oregon State,165,,6,2017-10-07,Saturday,
401,Utah,229,Stanford,201,,6,2017-10-07,Saturday,
402,Utah State,230,Colorado State,44,,6,2017-10-07,Saturday,
403,UTEP,231,Western Kentucky,247,,6,2017-10-07,Saturday,
404,UTSA,232,Southern Miss,198,,6,2017-10-07,Saturday,
405,Vanderbilt,234,Georgia,73,,6,2017-10-07,Saturday,
406,Virginia,236,Duke,54,,6,2017-10-07,Saturday,
407,Washington,241,California,31,,6,2017-10-07,Saturday,
408,Navy,136,Air Force,2,,6,2017-10-07,Saturday,
409,Nevada,139,Hawai'i,80,,6,2017-10-08,Sunday,
410,Troy,219,South Alabama,188,,7,2017-10-11,Wednesday,
411,Louisiana-Lafayette,108,Texas State,214,,7,2017-10-12,Thursday,
412,Miami (FL),120,Georgia Tech,76,,7,2017-10-12,Thursday,
413,California,31,Washington State,242,,7,2017-10-13,Friday,
414,Syracuse,205,Clemson,40,,7,2017-10-13,Friday,
415,Air Force,2,UNLV,226,,7,2017-10-14,Saturday,
416,Alabama,4,Arkansas,12,,7,2017-10-14,Saturday,
417,Arizona,10,UCLA,225,,7,2017-10-14,Saturday,
418,Arizona State,11,Washington,241,,7,2017-10-14,Saturday,
419,Arkansas State,13,Coastal Carolina,41,,7,2017-10-14,Saturday,
420,Bowling Green,23,Ohio,158,,7,2017-10-14,Saturday,
421,Buffalo,27,NIU,144,,7,2017-10-14,Saturday,
422,Central Michigan,35,Toledo,217,,7,2017-10-14,Saturday,
423,Colorado State,44,Nevada,139,,7,2017-10-14,Saturday,
424,Duke,54,Florida State,67,,7,2017-10-14,Saturday,
425,FIU,63,Tulane,220,,7,2017-10-14,Saturday,
426,Florida,64,Texas A&M,212,,7,2017-10-14,Saturday,
427,Fresno State,69,New Mexico,141,,7,2017-10-14,Saturday,
428,Georgia,73,Missouri,128,,7,2017-10-14,Saturday,
429,Hawai'i,80,San Jose State,185,,7,2017-10-14,Saturday,
430,Idaho,85,Appalachian State,9,,7,2017-10-14,Saturday,
431,Illinois,87,Rutgers,178,,7,2017-10-14,Saturday,
432,Indiana,90,Michigan,122,,7,2017-10-14,Saturday,
433,Iowa State,93,Kansas,98,,7,2017-10-14,Saturday,
434,Kansas State,99,TCU,206,,7,2017-10-14,Saturday,
435,Kent State,101,Miami (OH),121,,7,2017-10-14,Saturday,
436,Louisville,110,Boston College,22,,7,2017-10-14,Saturday,
437,LSU,111,Auburn,16,,7,2017-10-14,Saturday,
438,Marshall,114,Old Dominion,162,,7,2017-10-14,Saturday,
439,Maryland,115,Northwestern,155,,7,2017-10-14,Saturday,
440,Memphis,118,Navy,136,,7,2017-10-14,Saturday,
441,Minnesota,125,Michigan State,123,,7,2017-10-14,Saturday,
442,Mississippi State,126,BYU,29,,7,2017-10-14,Saturday,
443,Nebraska,138,Ohio State,159,,7,2017-10-14,Saturday,
444,North Carolina,146,Virginia,236,,7,2017-10-14,Saturday,
445,North Texas,151,UTSA,232,,7,2017-10-14,Saturday,
446,Oklahoma State,161,Baylor,19,,7,2017-10-14,Saturday,
447,Ole Miss,163,Vanderbilt,234,,7,2017-10-14,Saturday,
448,Oregon State,165,Colorado,43,,7,2017-10-14,Saturday,
449,Pittsburgh,168,NC State,137,,7,2017-10-14,Saturday,
450,Southern Miss,198,UTEP,231,,7,2017-10-14,Saturday,
451,Stanford,201,Oregon,164,,7,2017-10-14,Saturday,
452,Temple,207,Connecticut,46,,7,2017-10-14,Saturday,
453,Tennessee,208,South Carolina,189,,7,2017-10-14,Saturday,
454,Tulsa,221,Houston,82,,7,2017-10-14,Saturday,
455,UAB,222,Middle Tennessee,124,,7,2017-10-14,Saturday,
456,UCF,224,East Carolina,56,,7,2017-10-14,Saturday,
457,Louisiana-Monroe,109,Georgia State,75,,7,2017-10-14,Saturday,
458,USC,227,Utah,229,,7,2017-10-14,Saturday,
459,South Florida,193,Massachusetts,116,,7,2017-10-14,Saturday,
460,Utah State,230,Wyoming,252,,7,2017-10-14,Saturday,
461,West Virginia,244,Texas Tech,215,,7,2017-10-14,Saturday,
462,Western Kentucky,247,Charlotte,37,,7,2017-10-14,Saturday,
463,Western Michigan,248,Akron,3,,7,2017-10-14,Saturday,
464,Wisconsin,250,Purdue,173,,7,2017-10-14,Saturday,
465,Oklahoma,160,Texas,211,Yes,7,2017-10-14,Saturday,
466,Army West Point,15,Eastern Michigan,60,,7,2017-10-14,Saturday,
467,Georgia Southern,74,New Mexico State,142,,7,2017-10-14,Saturday,
468,Liberty,106,Kennesaw State,100,,7,2017-10-14,Saturday,
469,San Diego State,184,Boise State,21,,7,2017-10-15,Sunday,
470,Arkansas State,13,Louisiana-Lafayette,108,,8,2017-10-19,Thursday,
471,Houston,82,Memphis,118,,8,2017-10-19,Thursday,
472,Middle Tennessee,124,Marshall,114,,8,2017-10-20,Friday,
473,Nevada,139,Air Force,2,,8,2017-10-21,Saturday,
474,New Mexico,141,Colorado State,44,,8,2017-10-21,Saturday,
475,Alabama,4,Tennessee,208,,8,2017-10-21,Saturday,
476,Appalachian State,9,Coastal Carolina,41,,8,2017-10-21,Saturday,
477,Arkansas,12,Auburn,16,,8,2017-10-21,Saturday,
478,Ball State,18,Central Michigan,35,,8,2017-10-21,Saturday,
479,Baylor,19,West Virginia,244,,8,2017-10-21,Saturday,
480,Boise State,21,Wyoming,252,,8,2017-10-21,Saturday,
481,Bowling Green,23,NIU,144,,8,2017-10-21,Saturday,
482,California,31,Arizona,10,,8,2017-10-21,Saturday,
483,Charlotte,37,UAB,222,,8,2017-10-21,Saturday,
484,Cincinnati,39,SMU,187,,8,2017-10-21,Saturday,
485,Connecticut,46,Tulsa,221,,8,2017-10-21,Saturday,
486,Duke,54,Pittsburgh,168,,8,2017-10-21,Saturday,
487,East Carolina,56,BYU,29,,8,2017-10-21,Saturday,
488,Eastern Michigan,60,Western Michigan,248,,8,2017-10-21,Saturday,
489,Florida Atlantic,66,North Texas,151,,8,2017-10-21,Saturday,
490,Florida State,67,Louisville,110,,8,2017-10-21,Saturday,
491,Georgia State,75,Troy,219,,8,2017-10-21,Saturday,
492,Georgia Tech,76,Wake Forest,240,,8,2017-10-21,Saturday,
493,Kansas State,99,Oklahoma,160,,8,2017-10-21,Saturday,
494,Louisiana Tech,107,Southern Miss,198,,8,2017-10-21,Saturday,
495,Miami (FL),120,Syracuse,205,,8,2017-10-21,Saturday,
496,Miami (OH),121,Buffalo,27,,8,2017-10-21,Saturday,
497,Michigan State,123,Indiana,90,,8,2017-10-21,Saturday,
498,Minnesota,125,Illinois,87,,8,2017-10-21,Saturday,
499,Mississippi State,126,Kentucky,102,,8,2017-10-21,Saturday,
500,Missouri,128,Idaho,85,,8,2017-10-21,Saturday,
501,Northwestern,155,Iowa,92,,8,2017-10-21,Saturday,
502,Ohio,158,Kent State,101,,8,2017-10-21,Saturday,
503,Old Dominion,162,Western Kentucky,247,,8,2017-10-21,Saturday,
504,Ole Miss,163,LSU,111,,8,2017-10-21,Saturday,
505,Penn State,166,Michigan,122,,8,2017-10-21,Saturday,
506,Rutgers,178,Purdue,173,,8,2017-10-21,Saturday,
507,South Alabama,188,Louisiana-Monroe,109,,8,2017-10-21,Saturday,
508,TCU,206,Kansas,98,,8,2017-10-21,Saturday,
509,Texas,211,Oklahoma State,161,,8,2017-10-21,Saturday,
510,Texas Tech,215,Iowa State,93,,8,2017-10-21,Saturday,
511,Toledo,217,Akron,3,,8,2017-10-21,Saturday,
512,Tulane,220,South Florida,193,,8,2017-10-21,Saturday,
513,UCLA,225,Oregon,164,,8,2017-10-21,Saturday,
514,Massachusetts,116,Georgia Southern,74,,8,2017-10-21,Saturday,
515,UNLV,226,Utah State,230,,8,2017-10-21,Saturday,
516,Utah,229,Arizona State,11,,8,2017-10-21,Saturday,
517,UTSA,232,Rice,175,,8,2017-10-21,Saturday,
518,Virginia,236,Boston College,22,,8,2017-10-21,Saturday,
519,Virginia Tech,237,North Carolina,146,,8,2017-10-21,Saturday,
520,Washington State,242,Colorado,43,,8,2017-10-21,Saturday,
521,Wisconsin,250,Maryland,115,,8,2017-10-21,Saturday,
522,Army West Point,15,Temple,207,,8,2017-10-21,Saturday,
523,Monmouth,130,Liberty,106,,8,2017-10-21,Saturday,
524,Navy,136,UCF,224,,8,2017-10-21,Saturday,
525,Notre Dame,157,USC,227,,8,2017-10-21,Saturday,
526,San Diego State,184,Fresno State,69,,8,2017-10-22,Sunday,
527,Ball State,18,Toledo,217,,9,2017-10-26,Thursday,
528,Georgia State,75,South Alabama,188,,9,2017-10-26,Thursday,
529,NIU,144,Eastern Michigan,60,,9,2017-10-26,Thursday,
530,Oregon State,165,Stanford,201,,9,2017-10-26,Thursday,
531,Boston College,22,Florida State,67,,9,2017-10-27,Friday,
532,Memphis,118,Tulane,220,,9,2017-10-27,Friday,
533,SMU,187,Tulsa,221,,9,2017-10-27,Friday,
534,Akron,3,Buffalo,27,,9,2017-10-28,Saturday,
535,Arizona,10,Washington State,242,,9,2017-10-28,Saturday,
536,Arizona State,11,USC,227,,9,2017-10-28,Saturday,
537,Baylor,19,Texas,211,,9,2017-10-28,Saturday,
538,BYU,29,San Jose State,185,,9,2017-10-28,Saturday,
539,Clemson,40,Georgia Tech,76,,9,2017-10-28,Saturday,
540,Coastal Carolina,41,Texas State,214,,9,2017-10-28,Saturday,
541,Colorado,43,California,31,,9,2017-10-28,Saturday,
542,Colorado State,44,Air Force,2,,9,2017-10-28,Saturday,
543,Connecticut,46,Missouri,128,,9,2017-10-28,Saturday,
544,Fresno State,69,UNLV,226,,9,2017-10-28,Saturday,
545,Hawai'i,80,San Diego State,184,,9,2017-10-28,Saturday,
546,Houston,82,East Carolina,56,,9,2017-10-28,Saturday,
547,Idaho,85,Louisiana-Monroe,109,,9,2017-10-28,Saturday,
548,Illinois,87,Wisconsin,250,,9,2017-10-28,Saturday,
549,Iowa,92,Minnesota,125,,9,2017-10-28,Saturday,
550,Iowa State,93,TCU,206,,9,2017-10-28,Saturday,
551,Kansas,98,Kansas State,99,,9,2017-10-28,Saturday,
552,Kentucky,102,Tennessee,208,,9,2017-10-28,Saturday,
553,Marshall,114,FIU,63,,9,2017-10-28,Saturday,
554,Maryland,115,Indiana,90,,9,2017-10-28,Saturday,
555,Michigan,122,Rutgers,178,,9,2017-10-28,Saturday,
556,New Mexico State,142,Arkansas State,13,,9,2017-10-28,Saturday,
557,North Carolina,146,Miami (FL),120,,9,2017-10-28,Saturday,
558,North Texas,151,Old Dominion,162,,9,2017-10-28,Saturday,
559,Northwestern,155,Michigan State,123,,9,2017-10-28,Saturday,
560,Ohio State,159,Penn State,166,,9,2017-10-28,Saturday,
561,Oklahoma,160,Texas Tech,215,,9,2017-10-28,Saturday,
562,Ole Miss,163,Arkansas,12,,9,2017-10-28,Saturday,
563,Oregon,164,Utah,229,,9,2017-10-28,Saturday,
564,Pittsburgh,168,Virginia,236,,9,2017-10-28,Saturday,
565,Purdue,173,Nebraska,138,,9,2017-10-28,Saturday,
566,Rice,175,Louisiana Tech,107,,9,2017-10-28,Saturday,
567,South Carolina,189,Vanderbilt,234,,9,2017-10-28,Saturday,
568,Southern Miss,198,UAB,222,,9,2017-10-28,Saturday,
569,Texas A&M,212,Mississippi State,126,,9,2017-10-28,Saturday,
570,Troy,219,Georgia Southern,74,,9,2017-10-28,Saturday,
571,Massachusetts,116,Appalachian State,9,,9,2017-10-28,Saturday,
572,South Florida,193,Cincinnati,39,,9,2017-10-28,Saturday,
573,UTEP,231,UTSA,232,,9,2017-10-28,Saturday,
574,Virginia Tech,237,Duke,54,,9,2017-10-28,Saturday,
575,Wake Forest,240,Louisville,110,,9,2017-10-28,Saturday,
576,Washington,241,UCLA,225,,9,2017-10-28,Saturday,
577,West Virginia,244,Oklahoma State,161,,9,2017-10-28,Saturday,
578,Western Kentucky,247,Florida Atlantic,66,,9,2017-10-28,Saturday,
579,Wyoming,252,New Mexico,141,,9,2017-10-28,Saturday,
580,Georgia,73,Florida,64,Yes,9,2017-10-28,Saturday,
581,Gardner-Webb,71,Liberty,106,,9,2017-10-28,Saturday,
582,Notre Dame,157,NC State,137,,9,2017-10-28,Saturday,
583,Utah State,230,Boise State,21,,9,2017-10-29,Sunday,
584,Kent State,101,Bowling Green,23,,10,2017-10-31,Tuesday,
585,Ohio,158,Miami (OH),121,,10,2017-10-31,Tuesday,
586,Western Michigan,248,Central Michigan,35,,10,2017-11-01,Wednesday,
587,Eastern Michigan,60,Ball State,18,,10,2017-11-02,Thursday,
588,Toledo,217,NIU,144,,10,2017-11-02,Thursday,
589,Troy,219,Idaho,85,,10,2017-11-02,Thursday,
590,Temple,207,Navy,136,,10,2017-11-03,Friday,
591,Tulsa,221,Memphis,118,,10,2017-11-03,Friday,
592,Utah,229,UCLA,225,,10,2017-11-03,Friday,
593,Florida Atlantic,66,Marshall,114,,10,2017-11-03,Friday,
594,Alabama,4,LSU,111,,10,2017-11-04,Saturday,
595,Arizona State,11,Colorado,43,,10,2017-11-04,Saturday,
596,Arkansas,12,Coastal Carolina,41,,10,2017-11-04,Saturday,
597,Boise State,21,Nevada,139,,10,2017-11-04,Saturday,
598,California,31,Oregon State,165,,10,2017-11-04,Saturday,
599,Connecticut,46,East Carolina,56,,10,2017-11-04,Saturday,
600,FIU,63,UTSA,232,,10,2017-11-04,Saturday,
601,Florida State,67,Syracuse,205,,10,2017-11-04,Saturday,
602,Fresno State,69,BYU,29,,10,2017-11-04,Saturday,
603,Georgia,73,South Carolina,189,,10,2017-11-04,Saturday,
604,Indiana,90,Wisconsin,250,,10,2017-11-04,Saturday,
605,Iowa,92,Ohio State,159,,10,2017-11-04,Saturday,
606,Kansas,98,Baylor,19,,10,2017-11-04,Saturday,
607,Kentucky,102,Ole Miss,163,,10,2017-11-04,Saturday,
608,Louisiana Tech,107,North Texas,151,,10,2017-11-04,Saturday,
609,Miami (FL),120,Virginia Tech,237,,10,2017-11-04,Saturday,
610,Michigan,122,Minnesota,125,,10,2017-11-04,Saturday,
611,Michigan State,123,Penn State,166,,10,2017-11-04,Saturday,
612,Middle Tennessee,124,UTEP,231,,10,2017-11-04,Saturday,
613,Mississippi State,126,Massachusetts,116,,10,2017-11-04,Saturday,
614,Missouri,128,Florida,64,,10,2017-11-04,Saturday,
615,NC State,137,Clemson,40,,10,2017-11-04,Saturday,
616,Nebraska,138,Northwestern,155,,10,2017-11-04,Saturday,
617,New Mexico,141,Utah State,230,,10,2017-11-04,Saturday,
618,Oklahoma State,161,Oklahoma,160,,10,2017-11-04,Saturday,
619,Old Dominion,162,Charlotte,37,,10,2017-11-04,Saturday,
620,Purdue,173,Illinois,87,,10,2017-11-04,Saturday,
621,San Jose State,185,San Diego State,184,,10,2017-11-04,Saturday,
622,SMU,187,UCF,224,,10,2017-11-04,Saturday,
623,South Alabama,188,Louisiana-Lafayette,108,,10,2017-11-04,Saturday,
624,TCU,206,Texas,211,,10,2017-11-04,Saturday,
625,Tennessee,208,Southern Miss,198,,10,2017-11-04,Saturday,
626,Texas A&M,212,Auburn,16,,10,2017-11-04,Saturday,
627,Texas State,214,New Mexico State,142,,10,2017-11-04,Saturday,
628,Texas Tech,215,Kansas State,99,,10,2017-11-04,Saturday,
629,Tulane,220,Cincinnati,39,,10,2017-11-04,Saturday,
630,UAB,222,Rice,175,,10,2017-11-04,Saturday,
631,Louisiana-Monroe,109,Appalachian State,9,,10,2017-11-04,Saturday,
632,UNLV,226,Hawai'i,80,,10,2017-11-04,Saturday,
633,USC,227,Arizona,10,,10,2017-11-04,Saturday,
634,South Florida,193,Houston,82,,10,2017-11-04,Saturday,
635,Vanderbilt,234,Western Kentucky,247,,10,2017-11-04,Saturday,
636,Virginia,236,Georgia Tech,76,,10,2017-11-04,Saturday,
637,Washington,241,Oregon,164,,10,2017-11-04,Saturday,
638,Washington State,242,Stanford,201,,10,2017-11-04,Saturday,
639,West Virginia,244,Iowa State,93,,10,2017-11-04,Saturday,
640,Maryland,115,Rutgers,178,Yes,10,2017-11-04,Saturday,
641,Georgia Southern,74,Georgia State,75,,10,2017-11-04,Saturday,
642,Air Force,2,Army West Point,15,,10,2017-11-04,Saturday,
643,Liberty,106,Duquesne,55,,10,2017-11-04,Saturday,
644,Notre Dame,157,Wake Forest,240,,10,2017-11-04,Saturday,
645,Wyoming,252,Colorado State,44,,10,2017-11-04,Saturday,
646,Buffalo,27,Bowling Green,23,,11,2017-11-07,Tuesday,
647,Miami (OH),121,Akron,3,,11,2017-11-07,Tuesday,
648,Central Michigan,35,Eastern Michigan,60,,11,2017-11-08,Wednesday,
649,Ohio,158,Toledo,217,,11,2017-11-08,Wednesday,
650,Western Michigan,248,Kent State,101,,11,2017-11-08,Wednesday,
651,Appalachian State,9,Georgia Southern,74,,11,2017-11-09,Thursday,
652,NIU,144,Ball State,18,,11,2017-11-09,Thursday,
653,Pittsburgh,168,North Carolina,146,,11,2017-11-09,Thursday,
654,Cincinnati,39,Temple,207,,11,2017-11-10,Friday,
655,Stanford,201,Washington,241,,11,2017-11-10,Friday,
656,UNLV,226,BYU,29,,11,2017-11-11,Saturday,
657,Air Force,2,Wyoming,252,,11,2017-11-11,Saturday,
658,Arizona,10,Oregon State,165,,11,2017-11-11,Saturday,
659,Auburn,16,Georgia,73,,11,2017-11-11,Saturday,
660,Boston College,22,NC State,137,,11,2017-11-11,Saturday,
661,Charlotte,37,Middle Tennessee,124,,11,2017-11-11,Saturday,
662,Clemson,40,Florida State,67,,11,2017-11-11,Saturday,
663,Coastal Carolina,41,Troy,219,,11,2017-11-11,Saturday,
664,Colorado,43,USC,227,,11,2017-11-11,Saturday,
665,East Carolina,56,Tulane,220,,11,2017-11-11,Saturday,
666,FIU,63,Old Dominion,162,,11,2017-11-11,Saturday,
667,Georgia Tech,76,Virginia Tech,237,,11,2017-11-11,Saturday,
668,Hawai'i,80,Fresno State,69,,11,2017-11-11,Saturday,
669,Illinois,87,Indiana,90,,11,2017-11-11,Saturday,
670,Iowa State,93,Oklahoma State,161,,11,2017-11-11,Saturday,
671,Kansas State,99,West Virginia,244,,11,2017-11-11,Saturday,
672,Louisiana Tech,107,Florida Atlantic,66,,11,2017-11-11,Saturday,
673,Louisville,110,Virginia,236,,11,2017-11-11,Saturday,
674,LSU,111,Arkansas,12,,11,2017-11-11,Saturday,
675,Marshall,114,Western Kentucky,247,,11,2017-11-11,Saturday,
676,Maryland,115,Michigan,122,,11,2017-11-11,Saturday,
677,Miami (FL),120,Notre Dame,157,,11,2017-11-11,Saturday,
678,Minnesota,125,Nebraska,138,,11,2017-11-11,Saturday,
679,Mississippi State,126,Alabama,4,,11,2017-11-11,Saturday,
680,Missouri,128,Tennessee,208,,11,2017-11-11,Saturday,
681,Nevada,139,San Jose State,185,,11,2017-11-11,Saturday,
682,North Texas,151,UTEP,231,,11,2017-11-11,Saturday,
683,Northwestern,155,Purdue,173,,11,2017-11-11,Saturday,
684,Ohio State,159,Michigan State,123,,11,2017-11-11,Saturday,
685,Oklahoma,160,TCU,206,,11,2017-11-11,Saturday,
686,Ole Miss,163,Louisiana-Lafayette,108,,11,2017-11-11,Saturday,
687,Penn State,166,Rutgers,178,,11,2017-11-11,Saturday,
688,Rice,175,Southern Miss,198,,11,2017-11-11,Saturday,
689,South Alabama,188,Arkansas State,13,,11,2017-11-11,Saturday,
690,South Carolina,189,Florida,64,,11,2017-11-11,Saturday,
691,Syracuse,205,Wake Forest,240,,11,2017-11-11,Saturday,
692,Texas,211,Kansas,98,,11,2017-11-11,Saturday,
693,Texas A&M,212,New Mexico,141,,11,2017-11-11,Saturday,
694,Texas State,214,Georgia State,75,,11,2017-11-11,Saturday,
695,UCF,224,Connecticut,46,,11,2017-11-11,Saturday,
696,UCLA,225,Arizona State,11,,11,2017-11-11,Saturday,
697,Utah,229,Washington State,242,,11,2017-11-11,Saturday,
698,UTSA,232,UAB,222,,11,2017-11-11,Saturday,
699,Vanderbilt,234,Kentucky,102,,11,2017-11-11,Saturday,
700,Wisconsin,250,Iowa,92,,11,2017-11-11,Saturday,
701,Texas Tech,215,Baylor,19,Yes,11,2017-11-11,Saturday,
702,Maine,112,Massachusetts,116,Yes,11,2017-11-11,Saturday,
703,Army West Point,15,Duke,54,,11,2017-11-11,Saturday,
704,Liberty,106,Presbyterian College,171,,11,2017-11-11,Saturday,
705,Navy,136,SMU,187,,11,2017-11-11,Saturday,
706,Colorado State,44,Boise State,21,,11,2017-11-12,Sunday,
707,Akron,3,Ohio,158,,12,2017-11-14,Tuesday,
708,Kent State,101,Central Michigan,35,,12,2017-11-14,Tuesday,
709,Bowling Green,23,Toledo,217,,12,2017-11-15,Wednesday,
710,Miami (OH),121,Eastern Michigan,60,,12,2017-11-15,Wednesday,
711,NIU,144,Western Michigan,248,,12,2017-11-15,Wednesday,
712,Ball State,18,Buffalo,27,,12,2017-11-16,Thursday,
713,New Mexico,141,UNLV,226,,12,2017-11-17,Friday,
714,Western Kentucky,247,Middle Tennessee,124,,12,2017-11-18,Saturday,
715,Alabama,4,Mercer,119,,12,2017-11-18,Saturday,
716,Arkansas,12,Mississippi State,126,,12,2017-11-18,Saturday,
717,Arkansas State,13,Texas State,214,,12,2017-11-18,Saturday,
718,Auburn,16,Louisiana-Monroe,109,,12,2017-11-18,Saturday,
719,Baylor,19,Iowa State,93,,12,2017-11-18,Saturday,
720,Boise State,21,Air Force,2,,12,2017-11-18,Saturday,
721,BYU,29,Massachusetts,116,,12,2017-11-18,Saturday,
722,Clemson,40,The Citadel,216,,12,2017-11-18,Saturday,
723,Colorado State,44,San Jose State,185,,12,2017-11-18,Saturday,
724,Duke,54,Georgia Tech,76,,12,2017-11-18,Saturday,
725,East Carolina,56,Cincinnati,39,,12,2017-11-18,Saturday,
726,Florida Atlantic,66,FIU,63,,12,2017-11-18,Saturday,
727,Florida,64,UAB,222,,12,2017-11-18,Saturday,
728,Florida State,67,Delaware State,52,,12,2017-11-18,Saturday,
729,Georgia,73,Kentucky,102,,12,2017-11-18,Saturday,
730,Idaho,85,Coastal Carolina,41,,12,2017-11-18,Saturday,
731,Indiana,90,Rutgers,178,,12,2017-11-18,Saturday,
732,Iowa,92,Purdue,173,,12,2017-11-18,Saturday,
733,Kansas,98,Oklahoma,160,,12,2017-11-18,Saturday,
734,Louisiana-Lafayette,108,New Mexico State,142,,12,2017-11-18,Saturday,
735,Louisville,110,Syracuse,205,,12,2017-11-18,Saturday,
736,Memphis,118,SMU,187,,12,2017-11-18,Saturday,
737,Miami (FL),120,Virginia,236,,12,2017-11-18,Saturday,
738,Michigan State,123,Maryland,115,,12,2017-11-18,Saturday,
739,North Carolina,146,Western Carolina,245,,12,2017-11-18,Saturday,
740,North Texas,151,Army West Point,15,,12,2017-11-18,Saturday,
741,Northwestern,155,Minnesota,125,,12,2017-11-18,Saturday,
742,Ohio State,159,Illinois,87,,12,2017-11-18,Saturday,
743,Oklahoma State,161,Kansas State,99,,12,2017-11-18,Saturday,
744,Old Dominion,162,Rice,175,,12,2017-11-18,Saturday,
745,Ole Miss,163,Texas A&M,212,,12,2017-11-18,Saturday,
746,Oregon,164,Arizona,10,,12,2017-11-18,Saturday,
747,Oregon State,165,Arizona State,11,,12,2017-11-18,Saturday,
748,Penn State,166,Nebraska,138,,12,2017-11-18,Saturday,
749,South Carolina,189,Wofford,251,,12,2017-11-18,Saturday,
750,Southern Miss,198,Charlotte,37,,12,2017-11-18,Saturday,
751,Stanford,201,California,31,,12,2017-11-18,Saturday,
752,Temple,207,UCF,224,,12,2017-11-18,Saturday,
753,Tennessee,208,LSU,111,,12,2017-11-18,Saturday,
754,Texas Tech,215,TCU,206,,12,2017-11-18,Saturday,
755,Tulane,220,Houston,82,,12,2017-11-18,Saturday,
756,USC,227,UCLA,225,,12,2017-11-18,Saturday,
757,South Florida,193,Tulsa,221,,12,2017-11-18,Saturday,
758,Utah State,230,Hawai'i,80,,12,2017-11-18,Saturday,
759,UTEP,231,Louisiana Tech,107,,12,2017-11-18,Saturday,
760,UTSA,232,Marshall,114,,12,2017-11-18,Saturday,
761,Vanderbilt,234,Missouri,128,,12,2017-11-18,Saturday,
762,Virginia Tech,237,Pittsburgh,168,,12,2017-11-18,Saturday,
763,Wake Forest,240,NC State,137,,12,2017-11-18,Saturday,
764,Washington,241,Utah,229,,12,2017-11-18,Saturday,
765,West Virginia,244,Texas,211,,12,2017-11-18,Saturday,
766,Wisconsin,250,Michigan,122,,12,2017-11-18,Saturday,
767,Wyoming,252,Fresno State,69,,12,2017-11-18,Saturday,
768,Boston College,22,Connecticut,46,Yes,12,2017-11-18,Saturday,
769,Charleston Southern,36,Liberty,106,,12,2017-11-18,Saturday,
770,Georgia Southern,74,South Alabama,188,,12,2017-11-18,Saturday,
771,Notre Dame,157,Navy,136,,12,2017-11-18,Saturday,
772,San Diego State,184,Nevada,139,,12,2017-11-19,Sunday,
773,Akron,3,Kent State,101,,13,2017-11-21,Tuesday,
774,Ball State,18,Miami (OH),121,,13,2017-11-21,Tuesday,
775,Eastern Michigan,60,Bowling Green,23,,13,2017-11-21,Tuesday,
776,Mississippi State,126,Ole Miss,163,,13,2017-11-23,Thursday,
777,Buffalo,27,Ohio,158,,13,2017-11-24,Friday,
778,Central Michigan,35,NIU,144,,13,2017-11-24,Friday,
779,Houston,82,Navy,136,,13,2017-11-24,Friday,
780,Nebraska,138,Iowa,92,,13,2017-11-24,Friday,
781,Pittsburgh,168,Miami (FL),120,,13,2017-11-24,Friday,
782,TCU,206,Baylor,19,,13,2017-11-24,Friday,
783,Texas,211,Texas Tech,215,,13,2017-11-24,Friday,
784,Toledo,217,Western Michigan,248,,13,2017-11-24,Friday,
785,UCF,224,South Florida,193,,13,2017-11-24,Friday,
786,UCLA,225,California,31,,13,2017-11-24,Friday,
787,Virginia,236,Virginia Tech,237,,13,2017-11-24,Friday,
788,San Diego State,184,New Mexico,141,,13,2017-11-24,Friday,
789,Air Force,2,Utah State,230,,13,2017-11-25,Saturday,
790,Arizona State,11,Arizona,10,,13,2017-11-25,Saturday,
791,Arkansas,12,Missouri,128,,13,2017-11-25,Saturday,
792,Auburn,16,Alabama,4,,13,2017-11-25,Saturday,
793,Charlotte,37,Florida Atlantic,66,,13,2017-11-25,Saturday,
794,Cincinnati,39,Connecticut,46,,13,2017-11-25,Saturday,
795,FIU,63,Western Kentucky,247,,13,2017-11-25,Saturday,
796,Florida,64,Florida State,67,,13,2017-11-25,Saturday,
797,Georgia State,75,Appalachian State,9,,13,2017-11-25,Saturday,
798,Georgia Tech,76,Georgia,73,,13,2017-11-25,Saturday,
799,Illinois,87,Northwestern,155,,13,2017-11-25,Saturday,
800,Kansas State,99,Iowa State,93,,13,2017-11-25,Saturday,
801,Kentucky,102,Louisville,110,,13,2017-11-25,Saturday,
802,Louisiana-Lafayette,108,Georgia Southern,74,,13,2017-11-25,Saturday,
803,Louisiana Tech,107,UTSA,232,,13,2017-11-25,Saturday,
804,LSU,111,Texas A&M,212,,13,2017-11-25,Saturday,
805,Marshall,114,Southern Miss,198,,13,2017-11-25,Saturday,
806,Maryland,115,Penn State,166,,13,2017-11-25,Saturday,
807,Memphis,118,East Carolina,56,,13,2017-11-25,Saturday,
808,Michigan,122,Ohio State,159,,13,2017-11-25,Saturday,
809,Middle Tennessee,124,Old Dominion,162,,13,2017-11-25,Saturday,
810,Minnesota,125,Wisconsin,250,,13,2017-11-25,Saturday,
811,NC State,137,North Carolina,146,,13,2017-11-25,Saturday,
812,Nevada,139,UNLV,226,,13,2017-11-25,Saturday,
813,New Mexico State,142,Idaho,85,,13,2017-11-25,Saturday,
814,Oklahoma,160,West Virginia,244,,13,2017-11-25,Saturday,
815,Oklahoma State,161,Kansas,98,,13,2017-11-25,Saturday,
816,Oregon,164,Oregon State,165,,13,2017-11-25,Saturday,
817,Purdue,173,Indiana,90,,13,2017-11-25,Saturday,
818,Rice,175,North Texas,151,,13,2017-11-25,Saturday,
819,Rutgers,178,Michigan State,123,,13,2017-11-25,Saturday,
820,San Jose State,185,Wyoming,252,,13,2017-11-25,Saturday,
821,SMU,187,Tulane,220,,13,2017-11-25,Saturday,
822,South Carolina,189,Clemson,40,,13,2017-11-25,Saturday,
823,Stanford,201,Notre Dame,157,,13,2017-11-25,Saturday,
824,Syracuse,205,Boston College,22,,13,2017-11-25,Saturday,
825,Tennessee,208,Vanderbilt,234,,13,2017-11-25,Saturday,
826,Troy,219,Texas State,214,,13,2017-11-25,Saturday,
827,Tulsa,221,Temple,207,,13,2017-11-25,Saturday,
828,UAB,222,UTEP,231,,13,2017-11-25,Saturday,
829,Louisiana-Monroe,109,Arkansas State,13,,13,2017-11-25,Saturday,
830,Utah,229,Colorado,43,,13,2017-11-25,Saturday,
831,Wake Forest,240,Duke,54,,13,2017-11-25,Saturday,
832,Washington,241,Washington State,242,,13,2017-11-25,Saturday,
833,Fresno State,69,Boise State,21,,13,2017-11-25,Saturday,
834,Hawai'i,80,BYU,29,,13,2017-11-26,Sunday,
835,Appalachian State,9,Louisiana-Lafayette,108,,14,2017-12-02,Saturday,
836,Arkansas State,13,Troy,219,,14,2017-12-02,Saturday,
837,Coastal Carolina,41,Georgia Southern,74,,14,2017-12-02,Saturday,
838,Georgia State,75,Idaho,85,,14,2017-12-02,Saturday,
839,New Mexico State,142,South Alabama,188,,14,2017-12-02,Saturday,
840,Army West Point,15,Navy,136,Yes,15,2017-12-09,Saturday,